username,rating,review_text,relative_date,review_date
Enas Nasrulloh,5.0,"Kebanyakan ruangan gedungnya diperuntukkan kerja pegawai perpusnas, tersedia layanan surat kabar langka di gedung c lantai 7.",Diedit sebulan lalu,2025-10-21
lidona kusuma,5.0,"Perpus paling nyaman untuk belajar atau sekedar baca2 buku, kalau bosen dalam ruangan bisa keluar liat pemandangan Monas dan gedung2 tinggi lainnya lengkap dengan wifi, kantin, mushola, ada live music, diperpusnas kamu bisa buat kartu perpus juga secara gratis dengan kuota perhari 300 kalau gk salah jadi dengan kartu bisa akses diberbagai lantai bisa masuk juga keruangan multimedia dimana bisa menggunakan komputer bagi kalian yg ada tugas ini sangat membantu selain itu dengan kartu bisa pinjam buku juga tapi kalau diluar Jabodetabek itu harus ada surat domisili kalau gk salah yaa dan perpus ini tempatnya strategis ditengah2 kota mudah dikunjungi tinggal nyebrang bisa kemonas halte busway juga deket stasiun juga deket dengan berjalan kaki beberapa menit aja. Sangat rekomended sampe lupa pulang saking nyamanny 👍👍",2 tahun lalu,2025-10-21
Maulinna Utaminingsih,5.0,"Perpustakaan Nasional ini perpustakaan paling tinggi di Indonesia. Tempatnya asik, pilihan aktivitas yang bisa dilakukan disini juga beragam.
Ada kantinnya di lantai 4 yang menyediakan akses wifi gratis. Jadi bisa sambil belajar/kerja online saat makan.
Mushola tersedia di lantai 6, sayangnya pas kesini toilet perempuannya hanya berfungsi 1 saja, yang 2 rusak. Tapi kondisinya bersih.
Lantai tertinggi ada di lantai 24. Bisa refreshing melihat pemandangan keluar. Gedung ini langsung menghadap Monas.",2 tahun lalu,2025-10-21
Wahyuni Puji Astuti,5.0,Tempat yang bagus banget buat dikunjungi baik liburan maupun hari biasa,5 bulan lalu,2025-10-21
Yunnani Suherman Gaza,5.0,"Menurut saya inilah fasilitas unggulan yg memanjakan para kutu buku
Selain tempat yg nyaman suasana cozy juga didukung dengan fasilitas elektronik bagi pengunjung yg haus ilmu
Ada di lantai 21, tinggi diatas awan hehe..
Yg pernah kesini dijamin punya kenangan indah untuk diingat, dan gratis lho, kan kita punya, rakyat Indonesia

Kuy dateng dan membacalah lebih banyak agar ilmu bersarang di dadamu",setahun lalu,2025-10-21
Ross Mellyana Adistira,5.0,"bagi kalian yg naik krl, kalau mau ke perpusnas, turun aja di stasiun gondangdia, nanti jalnnya ga terlalu jauh. karna kesini pas weekday dan udah libur sekolah, jadi rame bangeeet. kuota validasi kartu perhari cuma 300, jd kalo kesini siang sih ga akan dapet nomor antrean (kayaa aku nih hhe), tp gppa belum bisa validasi, ada tempat yg bisa di akses tanpa kartu, kalau naik lift bisa ke lantai 21 dan 22 (kalau ga salah, aku sedikit lupa), tapiiiii lift selalu penuh haha jadi kami cuma jalan2 naik eskalator sampai lantai 4 buat liat lukisan2 ajaa. disini juga bisa isi wish atau apapun deh di paper notes yg udah disediain.
okay next time kalau kesini harus pagii biar bisa validasi kartu keanggotaan.",2 tahun lalu,2025-10-21
Lulu Khodijah,5.0,Strategis. Pilihan buku bacaannya beragam. Gratis. Naik ke rooftop bisa ngelihat penjuru Jakarta. Suka banget ini sih kalo deket pasti sering kesini 😭 …,setahun lalu,2025-10-21
Linda Waty,5.0,"Perpustakaannya keren. Ada lantai khusus buku anak2.. Lt plg atas di lt 24, bisa baca buku dengan view monas langsung. Tiap lantai beda kategorinya. Weekend sangat ramai mungkin krn gratis,hanya perlu registrasi online menjadi anggota perpusnas di lt 2. Minusnya hanya di lift terlalu sedikit dan sangat lama. Banyak orang lebih memilih naik di tangga darurat. Satu hari tidak cukup mengelilingi seluruh perpustakaan krn sangat besar.",3 tahun lalu,2025-10-21
Rachman Nurhakim,1.0,"Parah sih ini, ruang belajar multi guna yg awalnya buka sampe jam 9 eh berubah jadi jam 7 dan skrg per 1 Oktober cuman sampai jam 4?

Pergantian pimpinan apa gimana? Alasannya demi efesiensi??? Ini gedung perpustakaan nasional terletak di jakarta cuman sampe jam 4 yg bener aja. Semua fasilitas jam 15:30 sudah di shutdown tepat jam 16:00 dimatiin semua lampu gelap2an engap dan juga lantai lain sampai jam 4, mengakibatkan lamanya lift. Harusnya untuk mengantisipasinya jangan di pukul rata jam 16:00 semua. Parah sih ini pimpinannya ga mikir untuk pelajar SMP SMA yg baru pulang sekolah dan mau belajar kelompok disini jadi tidak bisa",setahun lalu,2025-10-21
Tiara Salsabila,5.0,"Masyarakat harus membedakan lokasi Perpustakaan Nasional RI yg di jln merdeka (depan Monas) dan Perpustakaan Nasional RI yg di jln Salemba.

(15/11) Saya ada kegiatan seminar literasi nasional di ruang teater Perpustakaan Nasional RI Salemba, saya sempat salah lokasi juga malah dateng ke Perpusnas jln merdeka :'(

Sepertinya untuk bangunan perpusnas jln Salemba diperuntukkan untuk  administrasi, arsip, dan kegiatan perkantoran/administratif. Sedangkan perpusnas jln merdeka adalah perpusnas umum yg untuk masyarakat kunjungi.",2 tahun lalu,2025-10-21
Yudhi Firmansyah,5.0,"Tempat yang wajib untuk dijadikan destinasi wisata literasi buat semua kalangan, fasilitas sudah lengkap dan modern, free wifi (kentjeng banget dahhhh), yukkk ajak keluarga buat rutininas wisata literasi ke Perpustakaan Nasional RI",Diedit 2 tahun lalu,2025-10-21
Siti Annisa Zakiyyah Noordin,5.0,"Kantor ade owe disini
Namanya siti alyza
Dalemnya luas
Ada auditorium,
Mesjid parkiran luas
Katanya disini koleksi ga banyak
Yg banyak di medan merdeka deket monas",2 tahun lalu,2025-10-21
Arda Tsamrotul Millah,5.0,"Ada 24 lantai. Kalo masuk harus cuci tangan dulu lalu scan Vaksinasi. Untuk saat ini tutup jam 16.00
Kondisi rame walau masih dalam masa pandemi.
Perpusnya keren sih, ada ribuan judul buku dan artikel. Dari lantai atas juga bangunan monas terlihat jelas",3 tahun lalu,2025-10-21
ikhtryt,4.0,"tempatnya bagus,dilantai 24 bisa liat monas dan kota jakarta,nyaman banget disana,ada kantin ada mushola pokoknya bakal seneng deh
wifi juga kenceng
yang ga aku suka tuh waktu itu mendung plus polusi banyak bgt,kurang persiapan juga mau kesini jadinya bosen
1 lagi lift nya antri bgt :( mana eskalatornya cuma sampe lantai 4 kalo ga 6 lupa aku jadi nunggu lama",4 tahun lalu,2025-10-21
-,5.0,"Masuknya gratis, cuma kalau mau pinjam apa atau menggunakan layanan disana sepertinya disarankan menggunakan kartu keanggotaan, bisa dibikin disana kok. Ada kantinnya jugaa, pokoknya bagus untuk yg mau kerkom bisa atau sekedar lihat-lihat.",3 tahun lalu,2025-10-21
Adi Suwarno,5.0,"Nyaman, ada kantin dan sarana wifi juga, pembuatan member card pun ga lama, antriannya jelas dan bisa isi form dari rumah dlu biar di sini tinggal antri. Pengen ke sini lagi kapan2, mau eksplor lantai lain yg blm dikunjungi :)",3 tahun lalu,2025-10-21
Alya Rekha,5.0,"Akhirnya bisa ke Perpustakaan Nasional RI....  Niatnya sih ke sini mau buat kartu member, but karena aku ke sini hari Ahad terlebih lagi sore, jadi kartunya habis, alias kuotanya habis, jadi gak bisa deh, akhirnya cuma foto-foto doang deh 😁 saran buat yg mau ke sini dan mau buat kartu member jangan sore2 dan hari Sabtu atau Ahad ya, biar ga habis! 👌👌👌",5 tahun lalu,2025-10-21
Hema Nazhiefa,5.0,"Perpustakaan Nasional RI : bagus, bersih, rapih,  aestetic,  keren, parkiran mobil dan motor nya luas, buku bukunya lengkap banget dan banyak , toilet bersih , tersedia mushola dan kantin didalamnya, HTM gratis, ruangan ber AC , cocok banget dikunjungi bareng keluarga dan teman-teman sangat recommended banget untuk wisata , untuk pembuatan kartu anggota dilantai dua dan buku buku di sini bisa dipinjam juga. Untuk lokasi perpustakaan Nasional RI ini persis di depan Monas, dekat dengan halte busway, jaklingko.",2 tahun lalu,2025-10-21
Mac Squiz,1.0,"Nunggu lama karena mereka lagi istirahat, padahal dari tadi rame juga ngga (jumlah visitor 2 di data komputer mereka) yang mana mereka dari tadi kan juga gangapa-ngapain.

Saran saya kerjaan yang menyangkut pengunjung dari luar harusnya dishift istirahatnya, jadi biar pengunjung ngga nunggu. Bayangin aja lagi di resto tapi kaga ada yang ngelayanin gara-gara pada istirahat semua pegawainya.

Tapi ngga heran lah namanya jg instansi pemerintah wkwkwk.",setahun lalu,2025-10-21
Sri Widiyastuti,5.0,"Ini perpustakaan lama yaa. Kalau yang baru di Marsela atau Medan Selatan. Bangunan utama yang dulunya museum sekarang sudah tidak dipergunakan. Kabarnya Perpustakaan ini hanya untuk bagian administratif perpustakaan. Pelayanan perpustakaan sekarang sudah dipindahkan semua ke gedung perpustakaan baru di Marsela.

Hanya layanan ISBN yang masih dilayani di sini. Tepatnya di lantai 2 perpusnas Salemba Raya. Oiya, ruang theater nya masih dipergunakan ya. Letaknya ada di lantai 1 gedung depan.

Ada masjid di belakang kantor perpusnas ini. Ada koperasi juga.

Akses ke perpusnas Salemba Raya ini  dari stasiun Cikini mudah banget. Naik ojol sekitar 10 -15 menit. Jalan kaki sekitar 20 menit jarak 1,6 km",2 tahun lalu,2025-10-21
Michael Haratua,5.0,"Tempat terbaik di kota, ada 24 lantai dan kita full akses. Melayani semua tingkatan umur. Bisa pinjam ruangan buat diskusi, dab buka sampai jam 21:00 malam.",5 tahun lalu,2025-10-21
Okky Akhyar,5.0,Belajar sambil bermain. Di Jakarta bukan hanya untuk perjalanan Business ataupun liburan tapi juga bisa untuk mencari pengalaman baru dimana ada Perpustakaan yang koleksi bukunya cukup lengkap👍👍 …,3 tahun lalu,2025-10-21
Channel Ettapedia,5.0,"Perpustakaan terlengkap di Indonesia, sangat bagus untuk mencari referensi atau bahan penelitian, pelajar dan mahasiswa memanfaatkan Perpustakaan Nasional ini sebagai destinasi wisata edukasi, tak hanya buku, tapi juga pustaka multimedia tersedia, serta layanan elektronik lainnya.",5 tahun lalu,2025-10-21
Shinta Cinta,5.0,"aku sukakk syekali kesinii hihihihi, aku bisa baca buku sambil ngerjain hehhe makasih banyak pemerintah udah kasih fasilitas ini buat kita, gratis lagi. Rekomendasi buat anak sekolah atau mahasiswa yang lagi ngerjain skripsi si heheh banyak buki rekomendasi buat kaleann, biat yang suka baca kaya aku juga hihihi",4 tahun lalu,2025-10-21
Ali Abror,5.0,"Tempat yang patut dikunjungi kalau ke Jakarta. Ada banyak hal menarik yang bisa didapatkan disini. Pastikan untuk menitipkan tas di lantai 1 lalu membuat kartu keanggotaan di lt 2 bagi yang belum punya. Tanpa kartu, akses bacaan terbatas pada yang terdapat di lantai 21 dan 22. Pastikan untuk berangkat di pagi hari sebab kuota pembuatan kartu per hari cuma 500.",5 tahun lalu,2025-10-21
Muhammad Anwar Dani Giawa,5.0,"Gedung Perpusnas Salemba Raya sangat nyaman dikarenakan keheningannya. Kunjungan saya pada 11 Feb 2020 suasana cukup lengang untuk hari yang sebagus ini. Langit Jakarta lumayan teduh. Saya beranjak ke lanta 7 menuju ruangan Surat Kabar Lama. Pelayanannya cukup ramah. Setelah mendaftar melalui komputer di pintu masuk, saya langsung di hampiri Ibu penjaga untuk menanyakan apa keperluan dan ingin mencari apa. Beliau begitu ikhlas ketika menjelaskan tatacara untuk memperoleh apa yang sedang saya cari. Beliau dengan seksama mengarahkan saya tanpa ada keluhan sama sekali. Terimakasih Bu atas dedikasinya melayani pengunjung awam seperti saya. Saya baru pertama kali kesini soalnya hehe. Selain itu ada juga karyawan pria yang cukup ramah. Good job bang. Namun, sebenarnya apa yang saya cari tidak dapat temukan disini. Padahal didalam Opac tertulis bahwa yang saya cari ada di gedung ini tepatnya di lantai 5. Namun lantai 5 tampak lengeng dan ada beberapa karyawan yang mengarahkan saya untuk ke perpusnas medan merdeka. Mereka berdalih bahwa data di opac belum di update. Yaa mau gimana lagi. Tapi tetap bangga dan senang! Indonsia hebat",Diedit 5 tahun lalu,2025-10-21
Moch. Marsa Taufiqurrohman,5.0,"Tempat terbaik untuk belajar. Wifi dengan kecepatan 1000 Mbps. Setiap sudut ruangan dan tempat di sini menciptakan kenyamanan.

Pelayanan pembuatan kartu anggota hanya 10 menit, jadi di tempat. Meski beberapa buku sulit untuk dipinjam, namun di sini disediakan tempat membaca yang cukup nyaman.",5 tahun lalu,2025-10-21
Muhammad Rizqi Fadhillah,5.0,"Salah satu perpustakaan terbesar yang ada di Indonesia, koleksinya lengkap, tempat parkir juga strategis, untuk yang bawa kendaraan dapat diparkir di lobby baik motor maupun mobil tanpa dipungut biaya apapun dengan catatan membawa STNK kendaraan tersebut. Pelayanan dan fasilitas juga sangat baik dan semakin baik lagi, semoga kedepannya Perpustakaan Nasional RI ini bisa dirawat, dijaga, dan makin baik lagi, baik dari segi pelayanan maupun pencapaian.",3 tahun lalu,2025-10-21
Y. Purnomo Adiwibowo,5.0,"Sekedar membahas ruangan untuk resepsi pernikahan, tempatnya agak kecil. Namun utk parkiran cukup representatif. Bangunan lama.",6 tahun lalu,2025-10-21
Refi Pajriah,5.0,Parkir gratis. Ada 24 lantai. Buka Senin sampai Jumat jam 08.00 sampai 18.00 wib. Lantai 2 tempat pembuatan member dengan menunjukan ktp yg berlaku selama 10 tahun jika kartu hilang wajib memberikan surat keterangan dari kepolisian. Lantai 4 kantin. Bagus dan makanannya terjangkau. Lantai favorit 19 ruang multimedia. Bisa browsing sepuasnya internet kenceng. All you can find information here. Tempatnya bersih bagus. Terimakasih pak gubernur Anis Baswedan. Semoga sukses selalu.,6 tahun lalu,2025-10-21
Marsha Dwizashista,4.0,"Up to kapasitas 1000pax kayanya, karena untuk bagian cateringnya di luar, ada area khusus untuk taro cateringnya. Harga gedung pernikahan untuk wilayah Jakarta pun tergolong murah dan terjangkau karena dibawah 20juta rupiah. Ruang make up ada di balik Panggung dan bisa langsung naik ke Panggungnya. Bapak2 yang sewainpun ramah banget. Yang lagi cari gedung nikahan recomended tinggal dateng lngsung aja ke lokasi dan tanya2, di belakang aula ada masjid juga buat tempat akadnya uhuyy",2 tahun lalu,2025-10-21
Hafiz Hisbullah,5.0,"Tempat ternyaman gratis untuk kerja saat ini... Enak banget tempatnya,disana juga ada ruangan kelompok,... Untuk yang mau baca/kerja dll bisa di lantai 12,12A, 19, 22... Yang lain kurang tau wkwk maap maap",3 tahun lalu,2025-10-21
septianis f,5.0,"Perpustakaan nasional Indonesia,, disini tempatnya buku di oleh, di simpan dan dapat di baca di perpustakaan nasional ri di merdeka Selatan. Dsni bisa melihat koran koran bersejarah, dari tahun sebelum Indonesia merdeka sampai setelah merdeka.",5 tahun lalu,2025-10-21
Discovereut,4.0,"Untuk akses gratis bahkan kita dapat ambil buku gratis (kebanyakan tentang sejarah) sebanyak yang kita mau.
Lantai tertinggi yaitu 24, isinya lounge dan dapat melihat pemandangan langsung ke arah MONAS.
Hal yang kurang dari perpustakaan ini adalah akses antar lantai diatas lantai 4 dimana harus menggunakan lift dan antri cukup lama.",Diedit 3 tahun lalu,2025-10-21
Luna Tustika Avisa Tsany,5.0,"Nyaman, dingin, bersih 💓 Sayangnya jauh dari kos, jadi gabisa kesini tiap hari, kalau deket pengen bgt bisa kesini setiap hari untuk baca buku/kerja🥹 …",2 tahun lalu,2025-10-21
Ar Mu,5.0,"Perpustakaannya cukup bagus, lahan parkir luas, petugas keamanannya ramah, dan juga pegawai di sini juga ramah-ramah. Ada masjid di belakangnya untuk kegiatan solat berjamaah. Banyak sekali anak magang di sini atau sekedar bertanya-tanya tentang manajemen dan berbagai kegiatan yang dilaksanakn perpusnas",6 tahun lalu,2025-10-21
Riska Agustina,5.0,"Pelayanannya sudah bagus banget. Pertama checkin dlu, trus masuk pendaftaran di lt.2. Setelah itu bisa muterin 1 perpustakaan dengan gratis. Lt.24 recommend bgt 😊 …",4 tahun lalu,2025-10-21
rio paradika,4.0,Mampir makan di kantin belakang dari gedung perpustakaan nasional. Ruangan ber AC dan pilihan makanan beragam,6 tahun lalu,2025-10-21
Tika Olivia Maudy,5.0,"Tempatnya nyaman banget. Banyak buku fiksi juga jadi betah. Pas pertama naik suasananya tenang banget padahal banyak orang, nggak ada suara sama sekali. Giliran abis makan siang banyak gerombolan yang dateng mondar-mandir di dalem, jujur bikin nggak fokus.",2 tahun lalu,2025-10-21
Risya Putri Pertiwi,4.0,"Perpustakaan luas. Namun mungkin karena saya datang di saat akhir pekan, banyak yang berwisata jadi untuk belajar, mengerjakan tugas dan membaca tidak kondusif. Dan di lantai2 awal yang masih menggunakan eskalator tersedia cafe namun baunya menuju ruangan2 yang terbuka tersebut jadi tidak nyaman.",5 tahun lalu,2025-10-21
Pitri P,5.0,"Koleksi lengkap, tempat bersih & nyaman,  petugasnya ramah2 & very helpfull 🥰
Terima kasih. …",3 tahun lalu,2025-10-21
Nabhan Ramdani,5.0,"Tempatnya nyaman, koleksinya beragam dan lokasinya mudah dijangkau. Selain itu, terdapat sarana rekreasi untuk menambah pengetahuan
(Foto: Lantai paling atas:koleksi suratkabar langka)",6 tahun lalu,2025-10-21
Abdulah Ali,5.0,"Tempat nya bagus, , strategis, ,jalur pejalan kaki nyaman, halte busway juga, , enak buat nambah knowledge, dan santai-santai juga karena deket dengan monas, ,",2 tahun lalu,2025-10-21
Ivan Zulfahriawan,5.0,"Tempat nya sangat cozy buat ngerjain skripsi, engga berisik dan sangat rekomen. Dan juga setiap ruangan nya sangat minimalist jadi untuk foto juga bagus. Kalo ada tugas kuliah ngerjain disini sangat nyaman banget.",4 tahun lalu,2025-10-21
FIKs _,4.0,"Lengkap banget koleksi bukunya. Setiap lantai, beda-beda koleksi bukunya. Tapi sayang, lift yang satu-satunya akses ke setiap lantai antre terus. Saran saya tambah lagi liftnya biar tidak terlalu antre",3 tahun lalu,2025-10-21
Fahim Adri,5.0,Gedung ini memliliki sejarah yang panjang. Perpustakaan Nasional merupakan tempat yang sangat penting bagi masyarakat Indonesia. Karena dengan membaca maka kita dapat memerangi kebodohan,6 tahun lalu,2025-10-21
Irfan Muhajirin,5.0,"Seluruh staff sangat ramah, fasilitas sangat lengkap, berkunjung untuk keperluan konsultasi perihal persiapan kegiatan peningkatan kompetensi pustakawan.",setahun lalu,2025-10-21
Leni Novi Astuti,5.0,"very quiet and comfortable place! where to find intelligence💝
Generasi milenial harus bgt kesini. …",4 tahun lalu,2025-10-21
Rosi Imama,5.0,"Untuk Perpustakaan Nasional RI di Jl. Salemba Raya no 28A ini lebih digunakan sebagai tempat untuk deposit, pengolahan, dan bagian perkantoran. Sedangkan layanan untuk pengguna umum. yang ada di Perpusnas Salemba terbatas, karena pusat layanan Perpustakaan Nasional RI yang untuk umum berada di Perpustakaan Nasional RI yang berada di Jl. Merdeka Selatan",6 tahun lalu,2025-10-21
F Lutfi,5.0,Perpustakaan yang sangat2 bangus sekali dan sangat besar disini banyak sekali sejarah sejarah buku dari zaman dulu pokonya is the best,6 tahun lalu,2025-10-21
Nur Anisa,5.0,"Perpustakaan yang fasilitas didalamnya lengkap, koleksi buku-bukunya juga lengkap. Akses untuk ke perpustakaan ini juga mudah bisa naik transJakarta, berseberangan dengan Monas. 2 tahun lalu berkunjung kesini:)",3 tahun lalu,2025-10-21
TUMPAK PASARIBU,1.0,Perpustakaan Paling Buruk Petugas koleksi Buku langka malas gerak ini minim informasi digaji oleh negara kan,setahun lalu,2025-10-21
Tiara Silviana,5.0,"Tempatnya nyaman, sejuk.. buku buku tertata rapi.. tempat untuk baca sangat nyaman... pegawainya ramah... rooftopnya bagus untuk foto.. mantap👍🏻 …",5 tahun lalu,2025-10-21
Marno Kamso Toyadi,5.0,Letak strategis. Buku komplit,sebulan lalu,2025-10-21
Alifia Nasfa,5.0,"Bagus tempatnya, bukunya juga tertata rapi tambah lagi ya buku buku novel gitu. Dari atas pemandangannya bagus banget.",5 tahun lalu,2025-10-21
Hervin Oktalinta,4.0,"Perpus yang ini menyediakan koran lama aja, kalau mau yg perpus lengkap untuk literasi buku buku ke perpus yang deket monas",4 tahun lalu,2025-10-21
agus darmawan,1.0,"Kalau ada bintang 0 mungkin akan saya pilih itu.. management auditoriumnya arogan, mengingatkan dengan kasar dan kata2 tidak baik, tidak profesional, sangat sentimen semoga anda mendapat perlakuan kasar seperti itu di kemudian hari..",setahun lalu,2025-10-21
yos.ephh_,5.0,Sejauh ini sy sngt berterima kasih KPD Tuhan atas keberhasilan pencapaian sy sampai bisa menginjakkan kaki d perpustakaan nasional RI. 🙏🏻😇 …,10 bulan lalu,2025-10-21
mega wijayanti,5.0,Ngurus isbn udah gak bisa lamgsung ke tempat. Tapi petugas dengan ramahnya memberi tahu alur onlinenya,6 tahun lalu,2025-10-21
Aisyah Nurfitria hudaepah,5.0,Perpusrakaan yang sangat nyaman. Lengkap dan cocok untuk anak anak serta pemanadangan monas aangat indah jika dilihat dari lantai paling atas. Recomended bangetttt,6 tahun lalu,2025-10-21
Fwm 28,4.0,"Tempat yang strategis, bisa datang ke tempat resepsi sekaligus bisa wisata Literasi.",setahun lalu,2025-10-21
ariana venti,1.0,"kalau saya bisa kasih bintang 0 kayaknya lebih layak sih ya..
OB tidak ada attitudenya, kamar mandi seperti tidak pernah di bersihkan. banyak sekali kecoak dan bau POOP yang tidak di siram hampir jadi fosil.

saya tamu tapi di tegur dengan ketus oleh OB yang tidak ramah sama sekali. saya lihat banyak OB yang nganggur di kantin/warung sunda untuk mengantri makanan walau belum waktunya, sepertinya itu yang menyebabkan banyaknya fasilitas yang KOTOR dan TERBENGKALAI.

untuk security semua ramah.
BAD EXPERIENCE untuk sekelas Perpustakaan Nasional SALEMBA. 😑😑😑😑",2 tahun lalu,2025-10-21
MRS,1.0,untuk gedung pernikahan acara malamnya sangat tdk recomend ACnya tdk nyala ruang rias ac bocor team gedung tdk ada ditempat mengecewakan!,setahun lalu,2025-10-21
Filah Hasanawi,5.0,Tempat ujian jabatan fungsional pustakawan. Pegawainya ramah2 dan tempatnya mudah dijangkau...,6 tahun lalu,2025-10-21
Araa Zahra,5.0,"Registrasi anggota 2 mnit langsung jd guys,  selain buku ads ruang multimedia, kantin, mushola, bbrp ruangan, dan yg bagus views di lantai pling atas luamayan buat healing tipis2",setahun lalu,2025-10-21
Efi Juniarti Santoso,5.0,"Suka suka suka, tempat yang cocok buat para pemuda, buat ngisi waktu luang mereka",6 tahun lalu,2025-10-21
faisal mohammad,4.0,"Tempat yang bagus dengan fasilitas lengkap, pelayanan ramah",setahun lalu,2025-10-21
qines,3.0,"Perpusnas tempat pamerannya bagus, harga makanannya terjangkau, tiap ruangannya nyaman dan sejuk. Namun, untuk bagian pelayanannya kurang. Dari awal duduk sampai selesai, bekas makanan orang lain sebelumnya tidak dirapihkan/dibersihkan. Mohon setelah ini lebih diperhatikan lagi ya.",2 tahun lalu,2025-10-21
intan kusuma fitriani,5.0,Seneng banget bisa kesini tempat nyaman sekali petugas ramah ramah 🥰 …,3 tahun lalu,2025-10-21
Muhammad Fachry (FachryMyID),5.0,"Gedung perpustakaan nasional awal yang masih bisa dikunjungi untuk umum yang membutuhkan informasi mengenai koran dan majalah lawas. Sebenarnya jika hanya butuh sekedar informasi dari koran dan majalah lawas, bisa ke gedung perpustakaan nasional jl. Medan Merdeka selatan yang berada dilantai 8 dan disajikan dalam bentuk rekaman film. Disini merupakan koleksi fisik asli dari koran dan majalah lawas yang sudah tidak bisa dipindahkan karena usia dan beberapa kendala tempat yang tidak tersedia. Fasilitas cukup lengkap disini seperti toilet dan musholla. Lift hanya cukup untuk enam orang dan bangunan ini terdiri dari sembilan lantai. Ada juga fasilitas scan berbayar dan boleh mengambil foto dari koran atau majalah dan harus ditandai dengan catatan yang harus diserahkan ke petugas. Buka dari jam 8 pagi sampai jam 4 sore. Area parkir luas dan akses kesini umumnya cukup lancar.",3 tahun lalu,2025-10-21
Avience,5.0,Perpustakaan yang sangat bagus dan lengkap ... Dengan berbagai koleksi tersedia ... Area sangat luasssss... Di sarankan menggunakan lift jika tidak ingin lelah tetapi untuk lift suka rame karena banyaknya pengunjung jika ingin lewat tangga ada di tangga darurat...,2 tahun lalu,2025-10-21
Dila Aulia Ar Rahmah,5.0,"Sangat terjaga, bersih, rapih. Jika ingin masuk harus sudah vaksin, I dalam ada bnyak kategori buku di setiap lantainya, ada juga loby dan tempat penitpan tas dilantai 1, cafeteria di lantai 2, dan juga mushola di lantai 3. recommend untuk ajak temen/keluarga buat baca baca. Ada juga tempat diskusi untuk para pelajar",2 tahun lalu,2025-10-21
Etin Supriyatin,5.0,"Kesini untuk menghadiri undangan pernikahan teman, parkir lumayan banyak, tempat lumayan memadai, lokasi mudah dijangkau.",setahun lalu,2025-10-21
peb_inside,5.0,"aula untuk pernikahan nya bagus, besar , toilet ada , luas",2 tahun lalu,2025-10-21
daffa ibnu fauzan,4.0,"Perpusnas yg dsini melayani layanan perkantoran nya mostly, jadi kalo mau kirim surat ato dokumen yg ditujukan buat pejabat dikirimnya k alamat sini. Vibes nya jadul² gitu karna gedung lama tp lingkungannya cukup bersih dan rapi.",2 tahun lalu,2025-10-21
Fahdin Nur Ainulyaqin,5.0,"Tempat yang nyaman untuk membaca dan/atau sekaligus mengerjakan tugas. Koleksinya lumayan lengkap, akses ke sini juga mudah dengan didukung transportasi umum yang memadai dari berbagai rute. Untuk meminjam buku harus menjadi anggota perpustakaan dengan dikasih waktu seminggu, apabila kurang dikasih waktu perpanjangan seminggu lagi.",3 tahun lalu,2025-10-21
Saraswati Kartika Sari,1.0,"Saya bingung sebenarnya apakah perpustakaan ini masih berfungsi atau tidak,saya 2x datang yang pertama saya datang kata sekuriti Disana ""kalau untuk baca buku bisa disini,tapi kalau untuk meminjam buku,bisanya hanya di perusahaan yang dekat Monas"",dan di hari itu juga saya sudah ke perpustakaan nasional yang di Monas tetapi memang buku yang saya butuhkan tidak bisa dipinjam ,Disana juga di sampaikan memang tidak semua buku bisa di pinjamkan,saya memahami mungkin karena bukunya edisi lama jadi sudah sedikit tersedianya. Di hari ini saya datang ke perpustakaan yang Salemba ini karena waktu saya di perpustakaan di Monas ada bacaan kalau untuk membaca ada di gedung salemba juga di lantai 9 tetapi setelah saya sampai  dan bertemu dengan petugas sekuriti Disana dengan orang yang berbeda dibilang ""di sini untuk membaca sudah tidak bisa dan kalaupun bisa harus ada surat sejenis surat rujukan dari perpustakaan nasional""padahal saya sudah bilang kalau saya sudah kesana dan ada pemberitahuan kalau buku tersebut ada di perpustakaan nasional di salemba ini . Sangat di sayangkan karena saya harus bolak balik dan membuang waktu saya karena pemberitahuan yang kurang jelas",2 tahun lalu,2025-10-21
Agustina Sipakkar,1.0,masih ada 40 menit sebelum jam kunjung tutup tapi security uda teriak-teriak nyuruh pengunjung untuk pergi. diinfoi  kalo jam dinding nya kecepetan malah marah marah. kalau belum siap jadi pelayan publik mungkin butuh pekerjaan lain yang lebih cocok 🙏🏻 …,Diedit setahun lalu,2025-10-21
Sultani Esdete,4.0,"Bangunan utama masih dipelihara bentuk dan arsitektur aslinya. Biar dipinggir jalan Salemba, suasana di komplek perkantoran tetap tenang. Parkiran terbatas tapi tertib sehingga tidak mengganggu arus keluar masuk kendaraan. Ada klinik pratama, kantin, masjid, bank BRI.",2 tahun lalu,2025-10-21
Dania Rukiyah,3.0,"Bukunya tidak up date ya. Koleksi bukunya sudah ketinggalan jaman. Kalau mau baca novel klasik yang notabene termasuk literatur boleh lah. Untuk koran jaman lama juga koleksinya tidak banyak. Jadi kalau di film film itu ke perpustakaan lalu mencari koran lama untuk berita tahun tertentu, maka di sini gak ada.

Area anak anak nya lumayan bagus sehingga terlihat bahwa membaca itu tidak membosan kan",3 tahun lalu,2025-10-21
Konsultan Pajak,5.0,"Jangan terkecoh sama foto perpus yg di deket Monas yaaa... Perpusnas Salemba ini yg di deket kemensos, gedungnya warna coklat, isinya koleksi koran² tua...

Nah kalau yg di Medan merdeka/dpn Monas ituu yg lengkap, lantai sampai 24",setahun lalu,2025-10-21
Dianfortuna Citrarizky,1.0,"Saya  bikin kartu keanggotaan di perpusnas dimana salah satu syarat harus pake ktp. Kebetulan ktp saya bukan domisili jabodetabek. Singkat cerita saya mau minjem buku dimana kalo bukan ktp jabodetabek tdk bisa meminjam. Dimana harus ada penyertaan surat dari kampus. Kalau misal nya sepertu itu tdk usah buat kartu keanggotaan

Trs saya tanya apakah bisa di bawa untuk pindah lantai saja nanti saya kembalikan ke lantai semula. Tapi tetap tidak bisa. Jadi kayak buat apa gt saya bikin kartu keanggotaan",2 tahun lalu,2025-10-21
Gita Fitria,5.0,Study tour ke perpusnas jangan lupa pake sunblock biar terjaga dari paparan sinar ultra violit,5 tahun lalu,2025-10-21
Hanifah irhab,5.0,"Fasilitas lengkap dan memadai.
Untuk mengurus kartu keanggotaan perpustakaan cukup mudah, tidak ribet dan relatif cepat, pengunjung cukup menyediakan ktp.
Buku yang disediakan cukup lengkap.
Pengunjung mendapatkan loker dan tas khusus untuk membawa laptop.
Museum di dalam lokasi perpustakaan terawat.
Sangat direkomendasikan bagi para pecinta buku 👍👍👍",6 tahun lalu,2025-10-21
Miftah,5.0,"Lift nya antri banget. Space penataan loker tasnya sempit. AC terlalu dingin😅.
Perpus ini semenjak PPKM, hanya buka sampai jam 16.00, seharusnya jam operasional bisa kembali normal yaitu sampai jam 18.00, kalau bisa sampai malam …",3 tahun lalu,2025-10-21
Farid Fadilah,5.0,"Dengan tingkat literasi yang cukup rendah di negara kita sudah seharusnya ini menjadi prioritas utama pemerintah untuk meningkatkan minat dan juga untuk menumbuhkan minat belajar dan juga membaca, membuat karya tulis serta berbagai fasilitas penunjang untuk hal tersebut..
Perpustakaan yang masih cukup baru ini mempunyai konsep yang cukup baik dan teraterasa cukup kekinian dengan jumlah glosarium yang sangat banyak sehingga membuat para pengunjung nyaman dalam mencari atau mengisi waktu ketika berkunjung
Berbagai acara atau seminar juga kerap di adakan di tempat ini
Dengan koleksi bacaan yang variatif dari mulai hobi, otomotif, atau keilmuan juga berbagai macam lainya dapat di temukan di sini
Dengan hanya bermodal KTP kita sudah dapat mendaftarkan diri menjadi anggota perpustakaan nasional
Semoga kedepannya pemerintah serius untuk membangun fasilitas seperti ini di setiap daerah sehingga minat baca kita semakin tumbuh berkembang",3 tahun lalu,2025-10-21
Topan Songsong R,5.0,"Tempat yang menarik...
Tp alangkah baiknya apabila weekend tetap buka, karena untuk orang tua yang ingin mengajak anaknya mengenal membaca melalui perpustakaan namun dia bekerja...weekend merupakan waktu yg paling tepat..
Saya ingin sekali memberikan pemahaman bahwa membaca itu menyenangkan untuk anak2 saya, salah satunya dengan berkunjung ke perpustakaan yang menye agkan juga..",3 tahun lalu,2025-10-21
Shobihatul Badiah,5.0,"jadi ini bagian dari perpusnas tapi khusus untuk surat kabar lama dan deposit. kalo untuk buku2 deposit, harus punya surat pengantar dari perpusnas merdeka selatan. kalo mau bikin suratnya di lantai 2 bagian informasi. kalo mau akses surat kabar lama langsung aja ke lantai 7. nanti diarahkan cara2 meminjamnya.",2 tahun lalu,2025-10-21
Dela Bertia,5.0,"Tempat ini adalah kantor perpustakaan nasional. Untuk mengurus ISBN dan segala administrasi bisa di kantor ini tapi untuk layanan perpustakaannya hanya ada layanan koran langka, selain itu semua layanan perpustakaan nasional ada di jl medan merdeka selatan
Di sini juga ada auditorium untuk disewa oleh umum sebagai tempat pertemuan atau biasanya untuk pesta pernikahan
Parkiran luas dan ada masjid di dalamnya",3 tahun lalu,2025-10-21
Kinasih,5.0,"Kesini tiap weekend, bersyukur kalau dateng di weekday. Dengan permasalahan yang satu aja, liftnya. Kalau perpusnas mau bangun lift baru pasti sulit, jadi saran buat teman-teman aja nih, datengnya pas weekday biar gak kesusahan naik lift",2 tahun lalu,2025-10-21
marwa a,5.0,nyaman bgt & koleksi buku cukup lengkap👍🏻 …,2 tahun lalu,2025-10-21
Fitrah Anastasia,5.0,"Pengalaman ke perpusnas keren bgt sih, luas, fasilitas jg memadai, karena lantainya tuh banyak bgt, jadi kalian harus sabar kalo mau naik lift disini, karena seringnya penuh, ya wajar aja yang kesini tuh dari berbagai kalangan gitu🙂 …",5 tahun lalu,2025-10-21
Akmal GO 555,5.0,Tempat peradaban sejarah bangsa Indonesia dan pusatnya Ilmu,Diedit 3 tahun lalu,2025-10-21
Aditya Nugraha,3.0,"Dikasih tau satpam pintu tengah ternyata disini udah ga di pake sebagai perpustakaan, tapi liat di layanan OPAC alias katalog online dari perpusnas pas nyari nyari buku tulisannya masih ada dan tersedia untuk dibaca di lokasi ini.. sengaja padahal pertama kali ke perpusnas yg di balaikota kelihatan bagus dan penasaran mau ke tempat ini(perpusnas salemba) pas sampe ternyata ga dipake sbg perpus lg..",6 tahun lalu,2025-10-21
Aby yansyah.p,4.0,"Tempatnya nyaman banget sumpah, bisa foto2 sunset juga. untuk melihat konten saya yang lain nya, kunjungi Instagram @abyansyah.p",setahun lalu,2025-10-21
Labudda 206,5.0,Luas dan nyaman tempatnya untuk acaraan,2 tahun lalu,2025-10-21
Firmansyah DS,5.0,Hanya ada arsip-arsip surat kabar saja lagi di sini. Untuk pelayanan peminjaman dan koleksi buku sudah pindah ke gedung yang baru. Tapi kartu keanggotaanku dibuat di sini 3 tahun lalu. Juga pernah meminjam dan membuat salinan beberapa buku di sini.,Diedit 6 tahun lalu,2025-10-21
dengrafis,4.0,"ini gedung perpusnas lama, klo yg gedung perpusnas baru ada di jl. medan merdeka tp hanya layanan saja.. klo sekretariat masih di gedung lama, termsk mau mengurus isbn ada di kantor ini. dan ternyata ada sktr 500 nomor isbn yg diterbitkan per harinya. biaya urus isbn gratis dan bisa diakses melalui web perpusnas..",5 tahun lalu,2025-10-21
Erista Dewi,4.0,"Koleksi lantai 5C sudah pindah di lantai 7 gedung E atau di lantai 14 perpusnas di Merdeka Selatan. Jadi kalo diopac masih ada koleksi yang tersedia di 5C, mungkin informasinya belum diganti.",Diedit 3 tahun lalu,2025-10-21
jazeela mousthofa,4.0,Tidak melayani peminjaman tetapi lebih ke kantor dan birokrasinya. Dekat dengan PBNU Kramat Raya dan Universitas Indonesia Salemba. Banyak gedungnya jadi pastikan anda akan ke mana. Koleksi surat kabar lama semuanya ada di sini. Jangan salah paham ya... Halamannya bersih... Staffnya juga ramah dan informatif... Intinya tidak melayani peminjaman karena sudah pindah ke perpusnas Jl. Medan Merdeka Selatan yaaa,6 tahun lalu,2025-10-21
Ikka Yuriska,1.0,"Untuk kelas perpustakaan nasional tempatnya pengappp bangett, apalagi ruangan multimedianya, pencahayaannya bkin ngantuk dan cahaya lampunya bikin pusing, terusss ngappp bangettt sumpahhh",2 tahun lalu,2025-10-21
Imam Rahmanto,4.0,"Disini bukan temapat nyari buku lagi. Kata security, ""Kalau mau nyari buku, di kantor kita yang baru di Merdeka Selatan, Gambir. Kalau disini sisa nyari terbitan koran, minimal edisi 5 tahun ke belakang.""

Lemes lah aku yang datang dari Bogor. Kalau tahu gitu, mending lanjutin kereta aja ke Gambir.",4 tahun lalu,2025-10-21
Desi,5.0,Di lantai 22 bisa langsung liat Monas 😍 …,2 tahun lalu,2025-10-21
selamet igo,1.0,Momen liburan .pengunjung gak dapat lift lewat tangga darurat.apalagi ada ibu ibu bawa anaknya.area perpus anak tutup.jadi berkunjung di perpusnas gak rekomen.apalagi bawa rombongan .harus mikir 1000 kali,2 tahun lalu,2025-10-21
andie rilangi,5.0,"Kemarin kesini kata security udah pindah semua ke medan merdeka, banyak yang ngasih review perpus nasional medan merdeka di lokasi ini, fyi disini udah gak ada perpusnya semua udah pindah",2 tahun lalu,2025-10-21
Zalfaa Nabila,5.0,"Asoyyy, banyak nyimpen koran2 dan majalah lama, pokoknya buat kalian yang cari arsip sejarah atau berita2 lama sabi nih langsung merapat. Nagih banget buat eksplore disana, gasskeun lahh",3 tahun lalu,2025-10-21
Ni Made Koesoemasoemantrie,1.0,"harus ada kejelasan jam buka layanan perpustakaan di salemba ini! sebab sejak senin 12 Februari 2018, jam buka adalah 09:00 WIB sampai 18:00 WIB! kenapa sudah  mengusir orang dari jam 16:00 WIB? Pelayanan di Salemba sangat tidak profesional!",7 tahun lalu,2025-10-21
alamsyah rasyid,5.0,"Hanya ada layanan untuk koleksi surat kabar lama, di perpusnas salemba. Untuk baca2 di perpusnas merdeka dekat monas.",setahun lalu,2025-10-21
F.J. Ismarianto,3.0,"Ini bukan Perpusnas yang Instagramable itu ya. Nama sama tapi lokasi berbeda, Perpusnas yang di jalan Salemba ini lebih untuk urusan administrasi tampaknya. Untuk pendataan buku-buku yang terdaftar ISBN.",2 tahun lalu,2025-10-21
A.R. Alberto,5.0,"Orangnya ramah-ramah, skrg yg layanan perpustakaannya pindah ke jalan medan merdeka selatan no. 11, disini jadi kantor administrasi sama layanan isbn, deposit, pengembangan pustakawan, sama preservasi bahan pustaka",6 tahun lalu,2025-10-21
Irwan Sumadi,5.0,"PerPusNas sarana tempat perbukuan terlengkap di pusat jakarta. Jika kalian mahasiswa, pelajar dan guru ataupun dosen, rekomended buat buku2nya yang lengkap. Dan tempat ini pula suka dijadikan tempat resepsi pernikahan juga loh..",6 tahun lalu,2025-10-21
khaidir arief,5.0,"sama satpam gak diperbolehkan untuk jadi tempat ngerjakan tugas.
katanya sih ini kantor, bukan perpus.
diarahkan untuk ke perpus yang di jalan medan merdeka.",2 tahun lalu,2025-10-21
xavier,4.0,ini kenapa ulasan sama fotonya banyak yg nyasar dari perpusnas deket monas ya?-_-,setahun lalu,2025-10-21
In Sugito,5.0,"Di gedung perpustakaan nasionanal jl.salemba raya tersedia tempat gedung petemuan utk acara besar pesta penikahan
Tempatnya nyaman, parkir luas bisa tampung banyak kendaraan",6 tahun lalu,2025-10-21
Ka Un,5.0,Sepi dan tidak banyak petunjuk untuk pengunjung. Tapi ada kantinnya. Gak terlalu rapi dan menunya kurang menarik nafsu makanku yang kurang baik.,5 tahun lalu,2025-10-21
Ulima Darmania,5.0,"22 Juli 2022 ke sini rupanya semua layanan perpustakaan sudah dipindahkan ke Perpus dekat Gambir, jadi yang di Salemba hanya digunakan sebagai perkantoran.",3 tahun lalu,2025-10-21
yogi Halim,5.0,"Bagian konservasi dokumen, untuk konsultasi dokumen keluarga supaya tidak semakin lapuk.
Selebihnya, bagian peminjaman sudah pindah semua ke gedung baru depan IRTI monas.",6 tahun lalu,2025-10-21
xeprrtt,5.0,"perpustakaan nasional republik indonesia, pernah kesini, tempat nyaman, bersih, luas, langsung buat kartu member disini😅, ada ruangan untuk rapat, seminar, bagus dah …",3 tahun lalu,2025-10-21
Maulina Lestari,5.0,"Perpustakaan ini terlihat sepi, karena sudah setahun ini pindah ke daerah Gambir.
.
Meskipun begitu aktifitas di bidang lainnya tetap berjalan seperti biasa.",6 tahun lalu,2025-10-21
Listanti yachya,5.0,"fasilitas layanan sangat baik, petugasnya jg ramah",setahun lalu,2025-10-21
AR Clever,5.0,"Perpustakaan Nasional salemba beralamat di Jl. Salemba Raya No.28A
Jakarta 10430. Perpustakaan Nasional Republik Indonesia(Perpusnas) adalah Lembaga Pemerintah Nonkementerian yang melaksanakan tugas pemerintahan dalam bidang perpustakaan yang berfungsi sebagai perpustakaanpembina, perpustakaan rujukan, perpustakaan deposit, perpustakaan penelitian, perpustakaan pelestarian, dan pusat jejaring perpustakaan, serta berkedudukan di ibu kota negara.",6 tahun lalu,2025-10-21
Ridwan Endri Yapan,5.0,"Nice Place, mau konsultasi gak ribet...",3 tahun lalu,2025-10-21
Alfiah Masyitoh,5.0,Buku lengkap. Tempat sangat luas. Cocok untuk menghabiskan waktu senggang. Pelayanan menyenangkan. Terdapat 24 lantai,7 tahun lalu,2025-10-21
Ahmad Rido Fauzi,5.0,Tempat mencari arsip dulu sampe yang terbaru ada disini semua,setahun lalu,2025-10-21
YT JOSS,4.0,perpustakaan nasional memiliki koleksi buku yang banyak dan dapat digunakan untuk referensi..pelayanan yg baik dan fasilitas gedung baik serta suasana yang nyaman.,5 tahun lalu,2025-10-21
Rahadiani rita,5.0,Pelayanan nya baik tapi kemarin waktu kesana agak ramai pengunjung nya eskalator nya beberapa ada yg tidak berfungsi dan lift nya harus menunggu antrian,3 tahun lalu,2025-10-21
Imulega Wulandari,4.0,Baru tahu jg ternyata d sini bisa sewa gedung bwt pernikahan.... Hehehe. Temoatnya lumayan n tempat parkir lumayan luas.,6 tahun lalu,2025-10-21
Jaka Riadi,5.0,"buat wisata oke, buat spot foto2 oke, buat cari ilmu lebih oke, terbaik memang perpusnas, lokasinya strategis pas depan monas, buat spot foto instagramable banget dah pokoknya",Diedit 4 tahun lalu,2025-10-21
Haning Arum S.,5.0,Ke sini untuk menyerahkan karya cetak dan bimtek isbn,2 tahun lalu,2025-10-21
Dicky Paseban,5.0,"Lokasi sangat strategis, Baik gedung yang lama maupun gedung yang baru karena terlihat saat melintas memggunakan kendaraan,maupun berjalan kaki.",6 tahun lalu,2025-10-21
Leya Chimaya,1.0,"Hmh.... Pas kesana langsung dicegat satpam ditanya mau ngapain. Pas jawab mau baca (padahal butuh tempat untuk mikir and baca di laptop sendiri), kata satpam ni perpus isinya hanya koran-koran lama. Ya udah... balik lagi...",6 tahun lalu,2025-10-21
Wahyu Dwi Prabowo,4.0,"Menghadiri resepsi di Auditorium gedung... ruang cukup lumayan, parkiran memadai ✓",setahun lalu,2025-10-21
Annisa Firda Syaharani,1.0,"hari minggu ditulisnya buka ternyata ngga, tolong diperbaiki ya min",setahun lalu,2025-10-21
Dicky Prastya,5.0,"Perpustakaan ini tempat untuk mencari koram-koran lama. Kalo mau cari buku bukan di sini, tapi di perpustakaan yg ada di deket Monas.",6 tahun lalu,2025-10-21
Muhammad Irsyad,1.0,"Ini kan perpustakaannya udah pindah, untuk lokasi yang ini mungkin bisa diganti keterangan tempat yang lain. Karena di gmaps disini tertulis Perpustakaan Nasional dan bisa dikunjungi, sehingga menyesatkan orang",5 tahun lalu,2025-10-21
M Hendri,4.0,"A huge place, full of knowledge. Hanya kantor dan masih menyimpan beberapa manuskrip. Melayani urusan administrasi saja. Karena yang baca sudah pindah di samping balaikota.",7 tahun lalu,2025-10-21
Nafiuddin,4.0,"Gedung Perpusnas yang elok dan menawan, menjadi inspirasi bagi para intelektual yg profesional dan  ثقbersrnergovdgn lingk yg  terukur. 🙏 …",3 tahun lalu,2025-10-21
Ahmad Firdaus,4.0,Nyaris sempurna kecuali management lift nya yang amburadul. Tidak ada garis antrian dan pembagian antara lower zone dengan higher zone,3 tahun lalu,2025-10-21
Pablo,1.0,"Ini beda ya bukan perpusnas yang biasa kalian liat di sosmed, kalo yang biasa kalian liat di sosmed itu perpusnas yang ada di jalan medan merdeka dekat monas. Semoga membantu :)",3 tahun lalu,2025-10-21
Syamsul Lumula,4.0,"Bestlah pokoknya, keren dan punya banyak literatur 😇 …",setahun lalu,2025-10-21
Fajar Kusumanto,5.0,Lantai 24 mantap,2 tahun lalu,2025-10-21
Rama Fikli,5.0,"Tempat ini hanya untuk melihat koleksi dokumen lama saja, untuk melihat koleksi buku atau skripsi datanglah ke Perpustakaan Nasional Jl. Medan Merdeka",4 tahun lalu,2025-10-21
Ahmad D Faiz,5.0,"Gedung ini sekarang sebagai pusat pendidikan dan latihan untuk kepustakawanan, direktorat koleksi deposit, serta pusat preservasi bahan perpustakaan",7 tahun lalu,2025-10-21
zumrotul wakhidah,4.0,"Menurutku gedungnya B aja, kesini sekali karena ikut sosialisasi apart.capitol park aja, selebihnya belum pernah datang",5 tahun lalu,2025-10-21
Shidqi,5.0,"Perpustakaan terbesar di Indonesia
Tempatnya bagus untuk menambah pengetahuan umum ataupun ilmu pribadi
Tempatnya juga sangat nyaman",6 tahun lalu,2025-10-21
Andi Solehudin,5.0,Tempat nya nyaman enak banget buat baca baca buku.bukunya juga cukuo lumayan lengkap.,5 tahun lalu,2025-10-21
Enol hidayat,5.0,Pelayanan nya terbaik lah,5 tahun lalu,2025-10-21
Maruli Patar S,5.0,banyak referensi buat penelitian,3 tahun lalu,2025-10-21
Nabilla Rmdhn,4.0,Gak rekomen buat masa pandemi. Cuma bisa di lantai 7 aja. Which is cuma ada surat kabar lama,4 tahun lalu,2025-10-21
mila pertiwi,3.0,"yang ini, jalan salemba, perpustakaan khusus koran, yang 24 lantai ada di jalan merdeka selatan lebih lengkap. so choose carefully perpustakaan yang mana.",6 tahun lalu,2025-10-21
Dhia,4.0,"Buat yang mau ke perpusnas jangan kesini ya, sekarang ini cuma kantor, kalau perpusnas untuk umum di jalan merdeka selatan, sebrang balai kota",Diedit 3 tahun lalu,2025-10-21
Agus Muhammad Syahrul,4.0,"baguslg, cuma didalam panas, kalau bisa ada penambahan AC/kipas yg dingin.",5 tahun lalu,2025-10-21
Angela Trinata Saragih,5.0,"Perpustakaannya bagus, nyaman untuk belajar, ada kantinnya juga.",2 tahun lalu,2025-10-21
ajeng fera,5.0,"Saat ini hanya tersedia koran lama saja, itu yang saya dapatkan info langsung dari petugas keamanan di saat ini.",6 tahun lalu,2025-10-21
Hanni Maya Lisa,5.0,"Akses Nya Mudah , Halaman Luas Jg Mudah D Jangkau Plus Bersih",2 tahun lalu,2025-10-21
Wilchan,4.0,"Tempatnya nyaman, rame banget. Liftnya repot ngantrinya luama ..",2 tahun lalu,2025-10-21
arief wibowo,5.0,"Khusus untuk administrasi, pelayanan dkt balai kota",Diedit 6 tahun lalu,2025-10-21
Ary Sumayadhi,5.0,Bukunya lengkap. Cocok utk mengajak anak2 main kesini smbil membaca buku...,6 tahun lalu,2025-10-21
Hendaru Tri Hanggoro,5.0,Mendapatkan surat kabar yg saya perlukan,5 tahun lalu,2025-10-21
Widi Anti,5.0,Ternyata peminjaman buku udah pindah ke sebrang monas. Padahal nih tempat lebih deket rumah ane,6 tahun lalu,2025-10-21
Adis Choiri,4.0,"Bagus sih, cuma kurang lega aja aula buat acara perkawinan nya",6 tahun lalu,2025-10-21
Badiatul Chusnia,5.0,Pusat ilmu pengetahuan,4 tahun lalu,2025-10-21
feni Handriani,5.0,"Akhirnya ketemu juga referensi buku untuk skripsi, koleksi bukunya bnyak dan mudah dicari tempatnya juga luas dan nyaman",6 tahun lalu,2025-10-21
FW Karyosmito,1.0,management auditoriumnya tidak rekomen..sangat buruk tidak profesional,setahun lalu,2025-10-21
Rahma Levine,5.0,"Parkiran luas, AC dingin, ada klinik, pegawai ramah bgt",4 tahun lalu,2025-10-21
Novisari Migunani,5.0,Org perpusnas ramah tamah dan baik banget!!! Pelayanannya udh sempurna bgt ini mah!,5 tahun lalu,2025-10-21
Bangun Canggih,5.0,"Perpustakaan nasional yang lama, gedung baru ada di jalan medan merdeka, samping kantor gubernur dki jakarta",7 tahun lalu,2025-10-21
Abdul Azizi,5.0,Ini bukan perpustakaan lagi cuma kantor peepustakaan Nasional. Perpustakaannye mah deket balai kota n Monas.,6 tahun lalu,2025-10-21
haryonobinhardiyanto haryonobinhardiyanto,5.0,"Suasana mengesankan, pustakawan tidak terasa serasa di mall",2 tahun lalu,2025-10-21
Della Utomo,4.0,"Kesini karena datang kondangan , belum pernah minjem buku disini juga . Hanya seringnya lewat aja",6 tahun lalu,2025-10-21
usapranata official,5.0,"Gimana cara saya bisa ke sana kalau saya kerja senin-sabtu sedangkan sabtu minggu perpus tutup,?",3 tahun lalu,2025-10-21
Akhmad Rosyid Farkhani,4.0,"tempat strategis, sayang sekarang yg di gedung ini hanya pelayanan koran2 lama",6 tahun lalu,2025-10-21
Muhammad Izzuddin,5.0,"Dulu pertama kesini bingung, karena luas sekali, dan ada banyak lantai.",3 tahun lalu,2025-10-21
Hikmah Maulana,1.0,Security tydac ramah.. Belum Jam 4 main usir usir aja.,3 tahun lalu,2025-10-21
Aurora Tanaya,5.0,Luas dan besar sekali. Mungkin ada ribuan buku disini.,2 tahun lalu,2025-10-21
Ade Maulida Shifa,1.0,Pelayanan buruk buat perpusnas salemba terutama satpamnya🙂 …,2 tahun lalu,2025-10-21
Muzez Ifa,5.0,nyaman buat belajar,setahun lalu,2025-10-21
Dicky Silitonga,5.0,"Perpustakaan nasional yang di Salemba, samping Kementerian Sosial",6 tahun lalu,2025-10-21
suhardi wibisono,5.0,Tempat mencari ilmu dan wawasan terlengkap dan parkiran yg luas,6 tahun lalu,2025-10-21
Helen Manurung,5.0,Ayo...semua berkunjung ke perpustakaan nasional milik kita bersama,4 tahun lalu,2025-10-21
Indra Agun,5.0,Tempatnya bersih sekali,5 tahun lalu,2025-10-21
Donny Adi,5.0,Enak kalo sholat Jumat disini... AC nya adeemmm,6 tahun lalu,2025-10-21
Bachtiar Efendi,3.0,Mudah terlihat,6 tahun lalu,2025-10-21
Syella Munawar,5.0,Lantai paling atas bisa buat liat view kota jakarta,3 tahun lalu,2025-10-21
Edy Purwantoro,5.0,Sangat enak buat santai sambil membaca  buku,4 tahun lalu,2025-10-21
The Travellers,5.0,"Tempatnya bagus pelayanannya ramah, gratis lagi.. mantap",4 tahun lalu,2025-10-21
Tri Suratno,5.0,"Luaar biasa keren, baik itu pelayanannya maupun tempatnya.",Diedit 3 tahun lalu,2025-10-21
Ikhsan Albanjari,5.0,Salah satu public sphare yg paling ku suka di Indonesia.,2 tahun lalu,2025-10-21
Budi Haryanto,5.0,Salah satu pusat layanan produk pengetahuan terbesar di Indonesia..,4 tahun lalu,2025-10-21
Elang Dewa,5.0,Di perpusnas salemba menyediakan jurnal nasional dan jurnal internasional?,6 tahun lalu,2025-10-21
Ridhatul Usman,4.0,Pusat pelayanan yang memuaskan,4 tahun lalu,2025-10-21
Yulia Novita Anggia,5.0,Mau tanya sabtu buka ga ka?,setahun lalu,2025-10-21
Sukoco Koco,4.0,acara wedding untuk sekala 500 orang.,2 tahun lalu,2025-10-21
Mangku Parasdyo,4.0,"Ini adalah kantor adminstrasi, mohon di bantu untuk edit kategori dan nama..",Diedit 7 tahun lalu,2025-10-21
Firstine Nurrizkia,5.0,"cari buku referensi selain di perpusnas, perpus ui, ya disini",4 tahun lalu,2025-10-21
Melani L. Lestari,4.0,Tempatnya nyaman banget buat belajar!,3 tahun lalu,2025-10-21
aqueen tsa,5.0,Tempat strategis tapi sayang udah pindah ke merdeka selatan,6 tahun lalu,2025-10-21
Ria Virgiana,5.0,Menghadiri acara Wedding Teman,setahun lalu,2025-10-21
Febrian Roy Pramudya (_Desain Mode),2.0,Lift tidak cukup,setahun lalu,2025-10-21
Muhammad Fikri,5.0,Koleksi bukunya sangat lengkap sekali,5 tahun lalu,2025-10-21
Herriy Cahyadi,3.0,"Ini kantornya, bukan perpusnya. Perpusnya yg di Medan Merdeka.",5 tahun lalu,2025-10-21
Syammy Lilyana,5.0,Yg mau baca2 koran lama disini tempatnya,6 tahun lalu,2025-10-21
Arif Isniwati,5.0,Tempat memperoleh tambahan pemahaman sejarah masa lalu,2 tahun lalu,2025-10-21
Anichrstin rachman,5.0,"Org nya ramah2,t4 nya estetic😃 …",3 tahun lalu,2025-10-21
4PA07_Shanti Nur A'bidah S,5.0,"Perpustakannya Nyaman, Buku-bukunya juga oke",6 tahun lalu,2025-10-21
popeye olive,5.0,Baru direnovasi,6 tahun lalu,2025-10-21
Kurnia Sidik,5.0,parkir dan keamanan nya sangat memuaskan,6 tahun lalu,2025-10-21
Fikar Ilmi Azali,5.0,tempat dimana masyarakat menyalurkan hobi membacanya,6 tahun lalu,2025-10-21
Muhamad Syahrul,4.0,"Fasilitas oke, staff nya juga ramah",4 tahun lalu,2025-10-21
Salwa Dessy,5.0,cocok untuk mengerjakan tugas di lantai 19,3 tahun lalu,2025-10-21
yayan sopian,5.0,sekurity ramah sesuai dengan instansi skala nasional,5 tahun lalu,2025-10-21
Rian Eka Fadhlurrahman,5.0,Tempat saya mencari buku bacaan,2 tahun lalu,2025-10-21
Ayu Wandira,5.0,"mau tanya, sabtu minggu buka ga ya?",4 tahun lalu,2025-10-21
Hanifa Andini 098,5.0,Saya pengunjung setia untuk meminjam buku.,4 tahun lalu,2025-10-21
Quail Egg,5.0,tempatnyaa baguss dan koleksinya lengkap,3 tahun lalu,2025-10-21
ajie mirza,4.0,Biasa di pakai utk resepsi pernikahan,5 tahun lalu,2025-10-21
Syahara Lekson,5.0,Sekarang sudah tidak dipakai lagi perpusnya,6 tahun lalu,2025-10-21
Gunanjar Viyandita,5.0,Sudah lebih baik,2 tahun lalu,2025-10-21
Akbar Hidayatulloh,5.0,Bagus untuk dikunjungi,8 bulan lalu,2025-10-21
Rossita A.,5.0,Beberapa kali kunjungan dr kampus kesini 👍👍 …,5 tahun lalu,2025-10-21
Adjie 86 Studio,5.0,Untuk acara2 wedding dsni trmpatnya,6 tahun lalu,2025-10-21
Pribowo Putro,3.0,Cukup bagus,setahun lalu,2025-10-21
Ucok Silegar,5.0,Bagus dan Menaril,2 tahun lalu,2025-10-21
Putri Andini,5.0,Keren tempatnya,5 tahun lalu,2025-10-21
Gilang Ramadhan,5.0,Perpustakaan nasionalnya pindah ke depan Monumen Nasional,5 tahun lalu,2025-10-21
nukula,5.0,Makin profesional. Ramah pelayanannya!,6 tahun lalu,2025-10-21
sby_ cane,4.0,Wajib dikunjungi bagi legiat literasi,6 tahun lalu,2025-10-21
Peto Arif,5.0,Setuju sangat bagus,3 tahun lalu,2025-10-21
Endi,5.0,"Klasik,memoria, nostalgia yg di salemba",3 tahun lalu,2025-10-21
MeyMey Nuha,5.0,Dapat undangan nikahan temen gue,6 tahun lalu,2025-10-21
Deden Nurdianto,5.0,Mantap luas bgt,5 tahun lalu,2025-10-21
Khairil Anwar,4.0,"Bagus tempatnya,parkir luas",6 tahun lalu,2025-10-21
Anastasia Santi,5.0,Auditorium nya dingin dan keren,3 tahun lalu,2025-10-21
Ricky Jaka Khana,5.0,Tempatnya mencari buku untuk di baca,6 tahun lalu,2025-10-21
Agus Zein,5.0,Mantap wedding Nela -Teguh,6 tahun lalu,2025-10-21
Hardi,4.0,Selalu melayani untuk kecerdasan bangsa,6 tahun lalu,2025-10-21
Muhammad Nur Amien,5.0,Salemba sebagai administratif Perpustakaan Nasional.,2 tahun lalu,2025-10-21
alfi markhani,5.0,Sumber pengetahuan ada disini,4 tahun lalu,2025-10-21
Lilik Sulistyo,5.0,Nuansa baru perpustakaan di Indonesia T.O.P,6 tahun lalu,2025-10-21
imam maswadi,5.0,"Ini tempat administrasinya, bukan pelayanan",6 tahun lalu,2025-10-21
Ahmad Zaini,5.0,Ternyata ini Kantornya perpustakaan,6 tahun lalu,2025-10-21
Muthiah Alhasany,5.0,Tempat yang nyaman untuk penulis,2 tahun lalu,2025-10-21
Aldri Nurfikrian,4.0,Bagus..parkiran luas..,5 tahun lalu,2025-10-21
har yono_DDPKP,5.0,Cari duit,3 tahun lalu,2025-10-21
Note Task,5.0,Keren nih lengkap bacaannya,3 tahun lalu,2025-10-21
Sri Lestari,5.0,Silahkan berkunjung,5 tahun lalu,2025-10-21
wiryono singgih,5.0,"Adem, free wifi",6 tahun lalu,2025-10-21
Iwan Bagus Hapsari,5.0,Kompliit bukunya,5 tahun lalu,2025-10-21
muhamad arif hidayat,5.0,Tempat kerja istri 👍🏻 …,4 tahun lalu,2025-10-21
Surya Putra,5.0,Bagus dan nyaman,4 tahun lalu,2025-10-21
sugiono lamsel,4.0,Luas tempat.dan strategis,6 tahun lalu,2025-10-21
Sucipto Wahyudi Official,5.0,👍 …,5 tahun lalu,2025-10-21
Andri Sutira,5.0,Menumbuhkan minat baca,5 tahun lalu,2025-10-21
Raden Muhammad Rusdy Fauzy,5.0,😍😍😍 …,3 tahun lalu,2025-10-21
Abdul Hakim08,5.0,Bisa nyari buat reperensi,6 tahun lalu,2025-10-21
Dian Ayunda Sulistiya,4.0,Pengen ksna lagi,5 tahun lalu,2025-10-21
Sitti Sara Bugis,5.0,Tempat untuk menambah ilmu,5 tahun lalu,2025-10-21
Taqy Fauzan,5.0,Baguss luass dan lengkap,4 tahun lalu,2025-10-21
samsul riki (LuackCoffee),5.0,Waktunya membaca koran,6 tahun lalu,2025-10-21
DIVA AULIA FITRIYANI mhsD4GZ2020R,5.0,Keren bacaannya lengkap,3 tahun lalu,2025-10-21
CHARIS QUENA KURNIA,4.0,Menghadiri wedding keluarga,5 tahun lalu,2025-10-21
Bang Aloe Kubu Raya,5.0,Penuh dengan ilmu pengetahuan,7 tahun lalu,2025-10-21
Hananto Heruwahyono,5.0,Sudah enak dikunjungi,5 tahun lalu,2025-10-21
Bambang Anugerah,4.0,Mudah dijangkau,6 tahun lalu,2025-10-21
Raihan Ammar Channel,5.0,Pertama kali masuk ke tempat ini.,6 tahun lalu,2025-10-21
BNgQl Ferdian R3,5.0,Seru itu aja,3 tahun lalu,2025-10-21
Alfiandi,4.0,sangat lengkap,5 tahun lalu,2025-10-21
Abu farsha,5.0,Kondangan,6 tahun lalu,2025-10-21
Agung Priatna,5.0,Perpustakaan kantor yang lama,5 tahun lalu,2025-10-21
Ardian nafis3,5.0,Bagus dan bersejarah,6 tahun lalu,2025-10-21
Arrohmanmail Roy,4.0,Komplet menyenangkan,5 tahun lalu,2025-10-21
Wahyu Hadi Kurniawan Hadi,5.0,Pelayanan yang ramah,4 tahun lalu,2025-10-21
Nur Ihwanudin,5.0,Belajar,5 tahun lalu,2025-10-21
widiastutik lestari,5.0,luar biasa,3 tahun lalu,2025-10-21
Annisa Nurrahimah,3.0,Kurang bagus,5 tahun lalu,2025-10-21
Rizky Firmansyah,5.0,Lengkap,2 tahun lalu,2025-10-21
Fitri Marliansa,5.0,Tempatnya udah pindah,6 tahun lalu,2025-10-21
Luthfi Aziz,5.0,Keren,2 tahun lalu,2025-10-21
Ramli FM,5.0,Mantap cuyy,5 tahun lalu,2025-10-21
Rad Judin,5.0,Tempat nyaman,3 tahun lalu,2025-10-21
Subagyo Purba,5.0,Bagus,3 tahun lalu,2025-10-21
edi wiyono,5.0,Mantapp,4 tahun lalu,2025-10-21
Sri Wahyuni,5.0,Artistik,5 tahun lalu,2025-10-21
Farhan wardian,5.0,Persists national Indonesia,5 tahun lalu,2025-10-21
Nero Taopik,5.0,Gudang ilmu,5 tahun lalu,2025-10-21
hanuladsih wulan,2.0,KELAMAAN TUTUP,4 tahun lalu,2025-10-21
aguzz K,5.0,Sangat Bagus 👍👍👍👍👍 …,3 tahun lalu,2025-10-21
Fam Sangaji,5.0,Markas Pusat,5 tahun lalu,2025-10-21
Chieleupeunk 9,5.0,gudang elmu,5 tahun lalu,2025-10-21
Andriyas Suseno,5.0,Sip,5 tahun lalu,2025-10-21
Heru Yunianto,5.0,perpustakaan yang keren,Diedit 3 tahun lalu,2025-10-21
Zambron Sandi Poetera,5.0,komplek pemerintahan,5 tahun lalu,2025-10-21
fachri said,5.0,Keren perpustakaannya,5 tahun lalu,2025-10-21
Ahmad Fuad,5.0,Mengesankan,5 tahun lalu,2025-10-21
Santoso MAHARGONO,5.0,Perpustakaan Nasional RI Salemba,3 tahun lalu,2025-10-21
Nurbaiti atik Silviani,5.0,Bagus,4 tahun lalu,2025-10-21
Hari Nugraha_LAN,4.0,lengkap,4 tahun lalu,2025-10-21
Eko P.,5.0,Luar Biasa,4 tahun lalu,2025-10-21
Eko Prassatyo,5.0,keren,5 tahun lalu,2025-10-21
Imam Kusnadi,5.0,Bagus,6 tahun lalu,2025-10-21
Michael Blok,5.0,Bangunan bekas kolonial Belanda yang indah. Dulunya SMA kakek saya. Sekarang menjadi kantor inspektorat perpustakaan. Saya diundang dengan hangat dan ramah oleh direktur dan diajak berkeliling. Sebuah pengalaman yang sangat berarti bagi saya dan keluarga kami.,2 tahun lalu,2025-10-21
Gita Fitri Nuraini,5.0,"Saya sudah dua kali ke Perpusnas Salemba. Pertama tahun 2018 atau 2019 (maaf lupa) waktu kuliah dulu untuk praktik teknik preservasi, dan seru sekali. Kedua kalinya untuk sertifikasi. Semoga suatu saat bisa kerja jadi pustakawan di sini.",setahun lalu,2025-10-21
Lita Yulita,4.0,"Koleksi buku dipindahkan ke gedung lain di dekat Monas.
Koleksi di sini sebagian besar berupa koran bekas. Saya ke sana hari Sabtu dan gedungnya terlihat kosong.

Anda tidak perlu menunjukkan kartu identitas atau apa pun, Anda bisa langsung ke lantai 7 untuk melihat koleksi koran.

Gedung di tengah juga disewakan untuk berbagai acara. Saya melihat orang-orang mengadakan resepsi pernikahan di sini.",5 tahun lalu,2025-10-21
Iksan Mahar,5.0,"Tempat terbaik untuk para kutu buku. Saya suka fasilitas zona anak-anak mereka. Buku-bukunya sangat lengkap, mulai dari balita hingga anak-anak sekolah dasar. Tolong jaga kebersihannya.",3 tahun lalu,2025-10-21
Daniyaa Syafi,5.0,"tempatnya sangat nyaman untuk mengerjakan tugas, terdapat loker untuk menyimpan barang, kantin, musholla serta caffe di lantai dasar",3 tahun lalu,2025-10-21
Wiwanto,5.0,"Perpustakaan tampaknya tutup pada hari Minggu. Terdapat aula yang digunakan untuk acara-acara seperti pernikahan, dll. Area parkirnya luas dan mudah diakses. Secara keseluruhan, tempat ini terletak di area yang strategis dan aksesnya mudah.",6 tahun lalu,2025-10-21
alyaaskh 2,5.0,"Perpustakaan di Jakarta ini luar biasa. Saya punya pengalaman yang luar biasa saat ke sini. 10/10 untuk pelayanannya, 10/10 untuk fasilitasnya. Kalian harus ke sini.",3 tahun lalu,2025-10-21
Choirunnisa,4.0,"Tempat yang bagus untuk dikunjungi, tempat ini sangat menakjubkan, nyaman, dan cozy. Anda bisa mencapai tempat ini dengan busway.",3 tahun lalu,2025-10-21
widya,5.0,"Tempat terbaik yang bisa kamu kunjungi di Jakarta, percayalah",3 tahun lalu,2025-10-21
Yuliani Wulandari,5.0,Saya menghabiskan waktu dan kenangan indah di sini... Dan memperoleh buku-buku gratis baru,3 tahun lalu,2025-10-21
Antonius Rinaldy,5.0,Tempat yang bagus untuk menghabiskan waktuku. Parkir gratis sampai tutup 👍 …,2 tahun lalu,2025-10-21
Monica Wongkar,5.0,"Saya pergi ke sana dari hotel saya di kawasan Sudirman dengan kendaraan online bersama teman-teman Couchsurfer. Pencarian dan perjalanannya mudah. Mereka punya banyak komputer untuk registrasi pembuatan kartu. Jadi saya membuatnya sendiri. Kartunya sangat besar dan lantai atasnya menawarkan pemandangan Jakarta, terutama Monumen Nasional (Monas). Lain kali saya akan meluangkan waktu untuk membaca bukunya.",6 tahun lalu,2025-10-21
Widi Nst,5.0,Suasana nyaman dengan koleksi buku tingkat menengah ke atas,2 tahun lalu,2025-10-21
Hanna Octaviani,3.0,"Koleksi koran di sini hanya ada beberapa tahun, dan semua koleksi telah dipindahkan ke Jalan Medan Merdeka Selatan (dekat Balai Kota, di depan Monumen Nasional).

Tempat ini hanya untuk kantor atau acara. Koleksi korannya pun sangat sedikit.",Diedit 5 tahun lalu,2025-10-21
Wardi Yono,5.0,Berbagi ilmu dengan warga Pusbiola (lantai 3 gedung blok D) seharian penuh.,setahun lalu,2025-10-21
Maulana Kusumadewi,5.0,Saya suka buku. Tempat ini punya banyak koleksi dari berbagai genre. Terutama sastra nasional dari tokoh-tokoh Indonesia.,7 tahun lalu,2025-10-21
Fanessa Marsyid,3.0,Aula serbaguna adalah tempat sempurna untuk acara atau resepsi pernikahan jika anggaran Anda terbatas,6 tahun lalu,2025-10-21
Dito Chairil Makarim,4.0,"Parkir gratis, area parkir luas. Namun, saat ini tidak dibuka untuk umum. Karena layanan telah dipindahkan ke gedung baru di dekat Monas.",5 tahun lalu,2025-10-21
Yuninda Santhi Hendrian,5.0,"Tempat yang bagus, protokol kesehatan yang bagus, tempat yang bagus untuk mengambil gambar dan mengerjakan pekerjaan rumah.",4 tahun lalu,2025-10-21
Gia Wahyu,5.0,Suka banget sama kantinnya. Banyak makanan enak. Terutama dimsum dan pecel lol.,5 tahun lalu,2025-10-21
Nur Hidayahtus Sa'Diah,5.0,🤩🤩🤩👍 …,3 tahun lalu,2025-10-21
kania lestary,5.0,Ada juga gedung serbaguna untuk pernikahan,6 tahun lalu,2025-10-21
sonnyde snydez,4.0,"mengunjungi salah satu gedung serbaguna, sangat nyaman, besar,",6 tahun lalu,2025-10-21
Wahyu Nurherdianto,5.0,Tempat para pejuang literasi untuk mensejahterakan bangsa,5 tahun lalu,2025-10-21
Bambang Koesjanto,3.0,Hanya sebuah ruangan sederhana yang tidak dikelola dengan baik,6 tahun lalu,2025-10-21
Raditya Iswandana,4.0,Tempat yang bagus untuk mengadakan resepsi pernikahan Anda.,7 tahun lalu,2025-10-21
alan rafiandi,5.0,"bersih, indah dan sejuk.",3 tahun lalu,2025-10-21
Rosidin Wirananggapati,5.0,Untuk membaca dan mendapatkan wawasan,5 tahun lalu,2025-10-21
Sigit Purwoko,5.0,Kantorku yang cantik lah,6 tahun lalu,2025-10-21
Rendy Oktriananda,5.0,tempat yang bagus tapi tidak sebagus itu,6 tahun lalu,2025-10-21
Fida Amatullah,5.0,Saya dapat bentuk asli dari koran lama.,5 tahun lalu,2025-10-21
Sera Santika,5.0,Belajar lagi dan lagi. Ganbatte!!,6 tahun lalu,2025-10-21
Putu Handira,5.0,kantorku yang indah,5 tahun lalu,2025-10-21
Riechi Lizaro Zebua,1.0,Aku,2 tahun lalu,2025-10-21
alhamdulilah 1502,5.0,Oke,3 tahun lalu,2025-10-21
Muhammad Kahfi Rahman,5.0,Bagus,3 tahun lalu,2025-10-21
Destiya Puji Prabowo,5.0,Saya sedang bekerja di sini...,5 tahun lalu,2025-10-21
Rahmawati Fatimah,5.0,Bagus,3 tahun lalu,2025-10-21
Reza Maulana Eza,5.0,Bagus,5 tahun lalu,2025-10-21
Rizki Cesaria Putri,5.0,💖💖 …,5 tahun lalu,2025-10-21
Hendra Setiawan,5.0,Menyesap,6 tahun lalu,2025-10-21
Aang Arif Amrullah,5.0,ISBN,6 tahun lalu,2025-10-21
Chirestine Elson,4.0,Tempat yang bagus,6 tahun lalu,2025-10-21
Lia HARYONO,3.0,Tempat yang bagus,6 tahun lalu,2025-10-21
Achmad YAKUB,5.0,buku dan buku,5 tahun lalu,2025-10-21
Iwan Suryawan,5.0,Historis,5 tahun lalu,2025-10-21
Tiara Channel,5.0,Bagus,Diedit 3 tahun lalu,2025-10-21
Adayy Official,5.0,Bagus,4 tahun lalu,2025-10-21
